name,capacity,start,end,orgas
 Pensine,5,2022-08-22 10:00:00,2022-08-22 20:00:00,Y;Z
 À travers les ténèbres,4,2022-08-22 20:00:00,2022-08-22 23:59:00,Y
 Hotel California,7,2022-08-22 20:00:00,2022-08-22 23:00:00,Y
 This is Halloween,7,2022-08-23 13:00:00,2022-08-23 19:00:00,Y
 Songes d'une nuit d'hiver,9,2022-08-23 19:00:00,2022-08-23 23:59:00,Y
 Que vienne la nuit,6,2022-08-23 20:00:00,2022-08-23 23:59:00,Y
 Nostalgie d'innocence,4,2022-08-24 13:00:00,2022-08-24 18:59:00,Y
 Le Dilemme de Chronos,4,2022-08-24 20:00:00,2022-08-24 23:00:00,Y
 À travers les ténèbres,4,2022-08-24 20:00:00,2022-08-24 23:59:00,Y
 Les Enfants de la Nuit d'Eté,10,2022-08-24 19:00:00,2022-08-24 23:59:00,Y
 La nouvelle maison des Barbapapas,9,2022-08-25 14:00:00,2022-08-22 18:59:00,Y
 Silence au Quatrième Étage,6,2022-08-25 19:00:00,2022-08-25 23:59:00,Y
 ☾ Éclipse ☉,8,2022-08-26 19:00:00,2022-08-26 23:59:00,Y
 Au dernier repos,8,2022-08-27 11:00:00,2022-08-27 16:59:00,Y
 ☾ Éclipse ☉,8,2022-08-27 14:00:00,2022-08-27 18:59:00,Y
 Zero Escape Radical Outcome,9,2022-08-27 19:00:00,2022-08-27 23:59:00,Y
 Star Potter des Anneaux,100,2022-08-28 10:00:00,2022-08-28 13:59:00,Y
 WINTERHORN,5,2022-08-28 10:00:00,2022-08-28 15:00:00,Y
 En suivant l'Alouette,7,2022-08-28 14:00:00,2022-08-28 23:59:00,Y
 Le dortoir des papillons,6,2022-08-28 19:00:00,2022-08-28 23:59:00,Y
 Le Dilemme de Chronos,4,2022-08-27 9:30:00,2022-08-27 12:30:00,Y
